1000663119810,"Sportall",2024-07-19T04:00:00.000Z
1000663119957,"Alexandre Pinhel",2024-07-17T04:00:00.000Z
1000663119933,"Agissez pour un numérique durable ☘️",2024-07-12T04:00:00.000Z
1000663119755,"Upsun",2024-07-05T04:00:00.000Z
1000663120039,"Virgine Mathivet",2024-07-03T04:00:00.000Z
1000663120012,"Les nouveautés AWS au 28 juin",2024-06-28T04:00:00.000Z
1000663119958,"Le développement d'API avec Smithy",2024-06-21T04:00:00.000Z
1000663119877,"Ségolène Dessertine-Panhard",2024-06-19T04:00:00.000Z
1000663120038,"Les nouveautés AWS au 14 juin",2024-06-14T04:00:00.000Z
1000663119980,"L'architecture data de Allianz Trade",2024-06-07T04:00:00.000Z
1000663119981,"Thomas Barandon",2024-06-05T04:00:00.000Z
1000663119811,"Les nouveautés AWS au 31 mai",2024-05-31T04:00:00.000Z
1000663119878,"Firecracker",2024-05-24T04:00:00.000Z
1000663119812,"Fatiha Bouabache",2024-05-22T04:00:00.000Z
1000663119982,"Les nouveautés AWS au 17 mai",2024-05-17T04:00:00.000Z
1000663120040,"L'excellence opérationnelle pour les DB",2024-05-10T04:00:00.000Z
1000663119934,"Louise Frion",2024-05-08T04:00:00.000Z
1000663120014,"Les nouveautés AWS au 3 mai",2024-05-03T05:00:00.000Z
1000663119935,"Mangopay",2024-04-26T04:00:00.000Z
1000663120060,"Julien Groues, un allié",2024-04-24T04:00:00.000Z
1000663120013,"Les nouveautés AWS au 19 avril",2024-04-19T05:00:00.000Z
1000663120042,"Nexity",2024-04-12T05:00:00.000Z
1000663120041,"Les nouveautés AWS au 5 avril",2024-04-05T05:00:00.000Z
1000663120043,"Engie migre son WAN dans le cloud",2024-03-29T05:00:00.000Z
1000663119776,"Women in Tech",2024-03-22T04:00:00.000Z
1000663119959,"L'IA au service de la métallurgie",2024-03-15T05:00:00.000Z
1000663119757,"Les nouveautés AWS au 8 mars",2024-03-08T05:00:00.000Z
1000663120015,"10 leçons sur Kubernetes",2024-03-01T05:00:00.000Z
1000663120016,"Quoi de neuf ?",2024-02-23T05:00:00.000Z
1000663119777,"AZmed",2024-02-16T05:00:00.000Z
1000663120044,"Quoi de neuf ?",2024-02-09T05:00:00.000Z
1000663120045,"La migration Cloud d'Engie",2024-02-02T05:00:00.000Z
1000663119778,"Quoi de neuf ?",2024-01-26T05:00:00.000Z
1000663119779,"Le cloud en 2024, ou en est-on ?",2024-01-19T05:00:00.000Z
1000663119813,"Quoi de neuf ?",2024-01-12T05:00:00.000Z
1000663119983,"Et si nous migrions le monolithe?",2024-01-05T05:00:00.000Z
1000663119936,"Quoi de neuf ?",2023-12-29T05:00:00.000Z
1000663119984,"Stocker des données sur de l'ADN",2023-12-22T05:00:00.000Z
1000663119780,"Quoi de neuf ?",2023-12-15T05:00:00.000Z
1000663120061,"France Télévisions",2023-12-08T05:00:00.000Z
1000663119781,"AWS re:Invent re:Cap - Vendredi",2023-12-01T19:00:00.000Z
1000663119938,"AWS re:Invent re:Cap - Jeudi",2023-11-30T21:00:00.000Z
1000663119756,"AWS re:Invent re:Cap - Mercredi",2023-11-29T21:00:00.000Z
1000663120046,"AWS re:Invent re:Cap - Mardi",2023-11-28T23:00:00.000Z
1000663119937,"AWS re:Invent re:Cap - Lundi",2023-11-27T20:30:00.000Z
1000663119782,"Les stratégies de travail avec Git",2023-11-24T05:00:00.000Z
1000663119985,"Quoi de neuf ?",2023-11-17T05:00:00.000Z
1000663120017,"Le sport dans le cloud",2023-11-10T05:00:00.000Z
1000663120018,"Quoi de neuf ?",2023-11-03T05:00:00.000Z
1000663119939,"OSO AI",2023-10-27T05:00:00.000Z
1000663119815,"Quoi de neuf ?",2023-10-20T05:00:00.000Z
1000663120047,"On-Hertz",2023-10-13T05:00:00.000Z
1000663120062,"Quoi de neuf ?",2023-10-06T05:00:00.000Z
1000663120021,"Serverless framework",2023-09-29T05:00:00.000Z
1000663119783,"Quoi de neuf ?",2023-09-22T05:00:00.000Z
1000663119814,"Foyer Global Health",2023-09-15T05:00:00.000Z
1000663120019,"Quoi de neuf ?",2023-09-08T05:00:00.000Z
1000663120020,"Cloud public ou on-prem ?",2023-09-01T05:00:00.000Z
1000663120090,"Quoi de neuf ?",2023-08-25T05:00:00.000Z
1000663119784,"Un portal interne comme Console AWS",2023-08-18T05:00:00.000Z
1000663120048,"Les Step Functions",2023-08-11T05:00:00.000Z
1000663120063,"QuestDB",2023-08-04T05:00:00.000Z
1000663120022,"Amazon Cloudfront",2023-07-28T05:00:00.000Z
1000663120064,"Vos applications PHP sur AWS Lambda",2023-07-21T05:00:00.000Z
1000663119816,"Les erreurs qui coûtent cher",2023-07-14T05:00:00.000Z
1000663120023,"Time series",2023-07-07T05:00:00.000Z
1000663119986,"Music Work",2023-06-30T05:00:00.000Z
1000663119960,"Kayrros",2023-06-23T05:00:00.000Z
1000663120025,"Quoi de neuf ?",2023-06-16T05:00:00.000Z
1000663119785,"Zadig&amp;Voltaire",2023-06-09T05:00:00.000Z
1000663120026,"Quoi de neuf ?",2023-06-02T05:00:00.000Z
1000663120024,"UFO Drive",2023-05-26T05:00:00.000Z
1000663120065,"Quoi de neuf ?",2023-05-19T05:00:00.000Z
1000663120066,"Les certifications AWS",2023-05-12T05:00:00.000Z
1000663120049,"Quoi de neuf ?",2023-05-05T05:00:00.000Z
1000663120051,"Cross The Ages",2023-04-28T05:00:00.000Z
1000663119758,"Quoi de neuf ?",2023-04-21T05:00:00.000Z
1000663119987,"Amazon CodeCatalyst",2023-04-14T05:00:00.000Z
1000663119988,"Quoi de neuf ?",2023-04-07T05:00:00.000Z
1000663120027,"Ateme - Cloud DVR",2023-03-31T05:00:00.000Z
1000663120050,"Quoi de neuf ?",2023-03-24T05:00:00.000Z
1000663119759,"Replibyte",2023-03-17T05:00:00.000Z
1000663119786,"Quoi de neuf ?",2023-03-10T05:00:00.000Z
1000663120068,"Bouygues Telecom Go To Cloud",2023-03-03T05:00:00.000Z
1000663119961,"Quoi de neuf ?",2023-02-24T05:00:00.000Z
1000663119787,"MyTF1 et la coupe du monde",2023-02-17T05:00:00.000Z
1000663120067,"Quoi de neuf ?",2023-02-10T05:00:00.000Z
1000663120028,"Osteo2ls",2023-02-03T05:00:00.000Z
1000663119989,"Quoi de neuf ?",2023-01-27T05:00:00.000Z
1000663119788,"Pernod Ricard",2023-01-20T06:00:00.000Z
1000663120091,"Quoi de neuf ?",2023-01-13T05:00:00.000Z
1000663119817,"AWS Graduate Program",2023-01-06T05:00:00.000Z
1000663119962,"Quoi de neuf ?",2022-12-30T05:00:00.000Z
1000663119990,"Jaji",2022-12-23T05:00:00.000Z
1000663119789,"Quoi de neuf ?",2022-12-16T05:00:00.000Z
1000663120052,"PMU.fr",2022-12-09T05:00:00.000Z
1000663119963,"AWS re:Invent 3/3",2022-12-01T21:00:00.000Z
1000663120120,"AWS re:Invent 2/3",2022-12-01T03:00:00.000Z
1000663119819,"AWS re:Invent 1/3",2022-11-30T03:00:00.000Z
1000663120069,"Quickwit",2022-11-25T05:00:00.000Z
1000663120029,"Quoi de neuf ?",2022-11-18T05:00:00.000Z
1000663119818,"Le programme AWS TechU",2022-11-11T05:00:00.000Z
1000663120150,"Quoi de neuf ?",2022-11-04T05:00:00.000Z
1000663119965,"Renovate",2022-10-28T05:00:00.000Z
1000663120070,"Quoi de neuf ?",2022-10-21T05:00:00.000Z
1000663119964,"Air Caraibes",2022-10-14T05:00:00.000Z
1000663120071,"Quoi de neuf ?",2022-10-07T05:00:00.000Z
1000663119993,"Audit de sécurité de comptes AWS",2022-09-30T05:00:00.000Z
1000663120180,"Quoi de neuf ?",2022-09-23T05:00:00.000Z
1000663120151,"Migration d'un SaaS médical",2022-09-16T05:00:00.000Z
1000663120092,"Quoi de neuf ?",2022-09-09T05:00:00.000Z
1000663120053,"Smart Territory Framework",2022-09-01T05:00:00.000Z
1000663120181,"Quoi de neuf ?",2022-08-26T05:00:00.000Z
1000663120182,"FuturMaster",2022-08-19T05:00:00.000Z
1000663119991,"Quoi de neuf ?",2022-08-12T05:00:00.000Z
1000663120210,"Skello",2022-08-05T04:00:00.000Z
1000663119992,"Quoi de neuf ?",2022-07-28T20:30:00.000Z
1000663120121,"Ekonoo",2022-07-21T22:30:00.000Z
1000663120122,"Quoi de neuf ?",2022-07-15T05:00:00.000Z
1000663120184,"Scenario3D",2022-07-08T04:00:00.000Z
1000663120123,"Quoi de neuf ?",2022-07-01T05:00:00.000Z
1000663119994,"Treezor",2022-06-24T04:00:00.000Z
1000663120183,"Quoi de neuf ?",2022-06-17T05:00:00.000Z
1000663120093,"Se préparer pour une nouvelle région",2022-06-10T05:00:00.000Z
1000663120212,"Quoi de neuf ?",2022-06-03T05:00:00.000Z
1000663119995,"AIML et Sécurité",2022-05-27T05:00:00.000Z
1000663120073,"Quoi de neuf ?",2022-05-20T05:00:00.000Z
1000663120211,"Decathlon - le sport dans le cloud",2022-05-13T05:00:00.000Z
1000663120074,"Quoi de neuf ?",2022-05-06T05:00:00.000Z
1000663120124,"Le commerce de détail, le cloud et Amazon",2022-04-29T05:00:00.000Z
1000663120072,"Quoi de neuf ?",2022-04-22T04:00:00.000Z
1000663120125,"L'analyse de code avec CAST",2022-04-15T05:00:00.000Z
1000663120054,"Quoi de neuf ?",2022-04-08T05:00:00.000Z
1000663120152,"Databricks",2022-04-01T04:00:00.000Z
1000663120126,"Quoi de neuf ?",2022-03-25T06:00:00.000Z
1000663120185,"La ville de Drancy",2022-03-18T06:00:00.000Z
1000663120186,"Quoi de neuf ?",2022-03-11T06:00:00.000Z
1000663119966,"De l'analytique sur Arm",2022-03-04T06:00:00.000Z
1000663120075,"Quoi de neuf ?",2022-02-25T06:00:00.000Z
1000663120076,"I ❤️ My Local Farmer",2022-02-18T04:00:00.000Z
1000663120213,"Quoi de neuf ?",2022-02-11T06:00:00.000Z
1000663119997,"Amplitude Studios, HumanKind, le cloud",2022-02-04T07:00:01.000Z
1000663119996,"Quoi de neuf ?",2022-01-28T06:00:00.000Z
1000663120056,"Radio France",2022-01-21T05:00:00.000Z
1000663119998,"Quoi de neuf ?",2022-01-13T06:00:00.000Z
1000663120187,"Hugging Face",2022-01-07T06:00:00.000Z
1000663120055,"Quoi de neuf ?",2021-12-31T06:00:00.000Z
1000663120153,"IPv6",2021-12-24T06:00:00.000Z
1000663120214,"Quoi de neuf ?",2021-12-17T06:00:00.000Z
1000663120077,"Datadome",2021-12-10T06:00:00.000Z
1000663120188,"AWS re:Invent 2021 - 2 décembre 2021",2021-12-03T01:00:00.000Z
1000663120154,"AWS re:Invent 2021 - 1 decembre 2021",2021-12-01T23:00:00.000Z
1000663120094,"AWS re:Invent 2021 - 30 novembre 2021",2021-11-30T23:00:00.000Z
1000663120057,"AWS re:Invent 2021 - 29 novembre 2021",2021-11-30T01:00:00.000Z
1000663120078,"Quoi de neuf ?",2021-11-26T04:00:00.000Z
1000663119968,"Apprendre le cloud quand on est étudiant",2021-11-19T05:00:00.000Z
1000663120095,"Quoi de neuf ?",2021-11-12T05:00:00.000Z
1000663120216,"Protégez vos données",2021-11-05T05:00:00.000Z
1000663119967,"Quoi de neuf ?",2021-10-29T05:00:00.000Z
1000663120215,"Mainframe &amp; Legacy",2021-10-22T05:00:00.000Z
1000663120189,"Quoi de neuf ?",2021-10-15T05:00:00.000Z
1000663120190,"Cosmian",2021-10-08T05:00:00.000Z
1000663120155,"Quoi de neuf ?",2021-09-30T21:00:00.000Z
1000663120156,"Sovereign Keys",2021-09-24T05:00:00.000Z
1000663120191,"Quoi de neuf ?",2021-09-17T05:00:00.000Z
1000663120217,"Amazon Location Service",2021-09-10T05:00:00.000Z
1000663120127,"Quoi de neuf ?",2021-09-03T05:00:00.000Z
1000663120058,"Teaser",2021-09-02T05:00:00.000Z
1000663120059,"Calldesk",2021-08-27T05:00:00.000Z
1000663120128,"Quoi de neuf ?",2021-08-20T05:00:00.000Z
1000663120218,"La protection de vos données avec Privowny",2021-08-13T05:00:00.000Z
1000663120079,"Quoi de neuf ?",2021-08-06T05:00:00.000Z
1000663120158,"Intelligence et AIML",2021-07-30T05:00:00.000Z
1000663119999,"Quoi de neuf ?",2021-07-23T05:00:00.000Z
1000663120192,"Un dashboard pour les mesures de température",2021-07-16T05:00:00.000Z
1000663120096,"Sécurité et souveraineté du cloud",2021-07-09T06:00:00.000Z
1000663120157,"Utiliser un système de fichier partagé dans vos applications modernes",2021-07-02T06:00:00.000Z
1000663120300,"Quoi de neuf ?",2021-06-25T06:00:00.000Z
1000663119969,"Adikteev",2021-06-18T05:00:00.000Z
1000663120193,"Quoi de neuf ?",2021-06-11T07:00:00.000Z
1000663120219,"PacketAI",2021-06-04T07:30:00.000Z
1000663120080,"Quoi de neuf ?",2021-05-28T07:30:00.000Z
1000663120081,"Des APIs qui respectent la confidentialité des données",2021-05-21T05:30:00.000Z
1000663120129,"Quoi de neuf ?",2021-05-14T07:30:00.000Z
1000663120240,"Migrez avant de partir en vacances",2021-05-07T07:30:00.000Z
1000663120194,"Quoi de neuf ?",2021-04-30T08:30:00.000Z
1000663120271,"Botify, le SEO pour vos sites webs",2021-04-23T08:30:00.000Z
1000663120097,"JSII, plongée au coeur du CDK",2021-04-09T20:30:00.000Z
1000663120270,"Le drift d'infrastructure",2021-03-26T05:30:00.000Z
1000663120220,"Les tests d'intrusion",2021-03-12T05:30:00.000Z
1000663120241,"L'apprentissage machine et les jeux mobiles",2021-02-26T05:30:00.000Z
1000663120242,"Un chatbot avec CSML",2021-02-12T05:30:00.000Z
1000663120082,"Vault de Hashicorp",2021-02-05T15:30:00.000Z
1000663120195,"Terraform de Hashicorp",2021-01-21T15:30:00.000Z
1000663120130,"Les centres de données AWS",2021-01-08T07:30:00.000Z
1000663120301,"AWS re:Invent 2020 #3",2020-12-17T07:30:00.000Z
1000663120272,"AWS re:Invent 2020 #2",2020-12-11T06:30:00.000Z
1000663120273,"AWS re:Invent 2020 #1",2020-12-03T18:30:00.000Z
1000663120131,"Réduisez votre facture cloud",2020-11-27T07:30:00.000Z
1000663120083,"RGPD",2020-11-20T07:30:00.000Z
1000663120302,"Cloud Act",2020-11-06T05:30:00.000Z
1000663120221,"Migrer vers le cloud",2020-10-23T05:30:00.000Z
1000663120098,"Terega revisite son référentiel d'entreprise",2020-09-30T15:30:00.000Z
1000663120099,"Construire des applications qui resistent aux pannes",2020-07-05T06:11:00.000Z
1000663120243,"WebHelp met votre centre d'appel dans le cloud",2020-06-19T06:11:00.000Z
1000663120084,"Game Day : Cassez votre infra pour le fun",2020-06-12T05:11:00.000Z
1000663120100,"KeenEye voit plus loin que les pixels",2020-06-05T07:10:00.000Z
1000663120159,"Sécurité de la chaîne CI/CD",2020-05-26T04:10:00.000Z
1000663120305,"Smash transfère vos fichiers, en serverless",2020-05-14T08:10:00.000Z
1000663120275,"Des canaris pour tester vos sites web",2020-04-30T08:10:00.000Z
1000663120196,"Les formations et certifications AWS",2020-04-24T08:10:00.000Z
1000663120222,"L'excellence opérationelle",2020-04-16T08:10:00.000Z
1000663120274,"FinOps",2020-04-10T08:10:00.000Z
1000663120303,"Infrastructure as Code",2020-04-05T17:00:00.000Z
1000663120224,"Maîtriser vos coûts",2020-03-27T07:00:00.000Z
1000663120085,"Se passer de SSH",2020-03-20T15:00:00.000Z
1000663120197,"AWS Outposts",2020-03-16T15:00:00.000Z
1000663120223,"Déployez vos containeurs avec Qovery",2020-02-27T07:00:00.000Z
1000663120304,"Développement Fullstack sur AWS Amplify",2020-02-13T07:00:00.000Z
1000663120244,"Développer une Skill Amazon Alexa (partie 2/2)",2019-12-20T07:00:00.000Z
1000663120133,"Développer une Skill Amazon Alexa (partie 1/2)",2019-12-16T09:00:00.000Z
1000663120086,"AWS re:Invent 2019 re:Cap 4",2019-12-06T12:00:00.000Z
1000663120160,"AWS re:Invent 2019 re:Cap 3",2019-12-05T17:00:00.000Z
1000663120276,"AWS re:Invent 2019 re:Cap 2",2019-12-04T17:00:00.000Z
1000663120132,"AWS re:Invent 2019 re:Cap 1",2019-12-03T19:00:00.000Z
1000663120101,"Mettons le cloud en boîte",2019-11-28T05:00:00.000Z
1000663120198,"Interview du fondateur de Oto",2019-10-14T05:00:00.000Z
1000663120307,"Technique Avancée IAM.",2019-10-03T05:00:00.000Z
1000663120306,"Le déploiement multi-région.",2019-08-29T05:00:00.000Z
1000663120225,"L'apprentissage par renforcement.",2019-07-03T06:00:00.000Z
1000663120087,"Vos postes de travail dans le cloud",2019-06-07T06:00:00.000Z
1000663120245,"Le serverless chez 20 Minutes",2019-05-14T22:00:00.000Z
1000663120246,"Réduisez votre facture Amazon EC2, passez aux Spots.",2019-04-08T22:00:00.000Z
1000663120102,"Les Meetups AWS",2019-03-04T22:00:00.000Z
1000663120199,"re:Invent re:Cap",2019-02-08T22:00:00.000Z
